LotArea,Style,YearBuilt,SqFt,FullBath,HalfBath,Bedrooms,Rooms,SalePrice
31770,1Story,1960,1656,1,0,3,7,215000
11622,1Story,1961,896,1,0,2,5,105000
14267,1Story,1958,1329,1,1,3,6,172000
11160,1Story,1968,2110,2,1,3,8,244000
13830,2Story,1997,1629,2,1,3,6,189900
9978,2Story,1998,1604,2,1,3,7,195500
7500,2Story,1999,1804,2,1,3,7,189000
10000,2Story,1993,1655,2,1,3,7,175900
7980,1Story,1992,1187,2,0,3,6,185000
8402,2Story,1998,1465,2,1,3,7,180400
10176,1Story,1990,1341,1,1,2,5,171500
53504,2Story,2003,3279,3,1,4,12,538000
19138,1Story,1951,864,1,0,2,4,141000
13175,1Story,1978,2073,2,0,3,7,210000
7500,2Story,2000,1674,2,1,3,7,216000
11241,1Story,1970,1004,1,0,2,5,149000
12537,1Story,1971,1078,1,1,3,6,149900
8450,1Story,1968,1056,1,0,3,6,142000
8400,1Story,1970,882,1,0,2,4,126000
11478,1Story,2007,1704,2,0,3,7,306000
11520,1Story,2005,1698,2,0,3,7,275000
14122,1Story,2005,1822,2,0,3,8,259000
10171,1Story,2004,1535,2,0,3,7,214000
14300,1Story,2003,2696,2,1,3,10,5.00E+05
13650,2Story,2002,2250,2,1,3,7,320000
18494,1Story,2005,1324,2,0,3,6,199500
7851,2Story,2002,1960,2,1,4,8,216500
8577,2Story,2004,1733,2,1,3,7,185088
9505,2Story,2001,2035,2,1,3,8,222500
14774,2Story,1999,2599,2,1,4,10,333168
17433,2Story,1998,2475,2,1,4,7,355000
10593,1Story,1996,1720,2,0,3,7,260400
12256,2Story,1994,2622,2,1,3,9,325000
11764,2Story,1999,2270,2,1,4,9,290000
16770,2Story,1998,1839,2,1,4,7,221000
8987,1Story,2005,1595,2,0,2,6,221500
9000,1Story,2008,1566,2,0,3,7,262500
12552,2Story,2004,1947,2,1,3,8,254900
10440,1Story,2005,1468,2,0,2,6,271500
10142,2Story,2004,2084,2,1,4,8,233000
11920,2Story,2004,1659,2,1,3,8,181000
8880,2Story,1994,2110,2,1,3,8,205000
11218,2Story,1992,1845,2,1,3,8,189000
9453,2Story,1993,1744,2,1,3,7,194500
9672,1Story,1984,1097,2,0,3,6,152000
8400,2Story,1980,1564,2,1,3,7,171000
9800,1Story,1920,1012,1,0,2,5,67500
8450,1Story,1965,894,1,0,3,5,138500
9819,1Story,1967,900,1,0,3,5,122000
7500,1Story,1963,1040,1,1,3,5,133000
6897,1Story,1962,1040,1,1,3,6,127000
15410,1Story,1974,1494,2,0,3,7,169000
10186,2Story,1992,1923,2,1,3,8,190000
13143,2Story,1993,2349,2,1,4,9,362500
11134,2Story,1992,2225,2,1,4,7,285000
7379,2Story,2000,1848,2,1,3,7,254000
13517,2Story,1976,1479,2,1,3,6,130500
8000,1Story,2002,1492,2,0,3,6,230000
10456,1Story,1967,1829,2,0,4,8,218500
10791,2Story,1993,2495,2,1,4,9,243500
10603,1Story,1977,1610,2,0,3,6,205000
10421,2Story,1988,1714,2,1,3,7,196500
9360,1Story,1972,1381,1,1,3,5,197500
9600,2Story,1971,1645,1,2,4,7,171000
9600,1Story,1966,1232,1,1,3,6,142250
9790,1Story,1963,1328,1,1,3,6,143000
9320,1Story,1959,1225,1,1,3,6,128950
9680,1Story,1967,1510,2,0,3,6,178900
9717,1Story,1950,1078,1,0,2,5,142125
7207,1Story,1958,858,1,0,2,4,116500
5350,1Story,1940,1306,1,0,3,6,76500
9920,1Story,1954,1063,1,0,3,6,128000
7800,1Story,1954,1268,1,0,2,7,132000
19900,1Story,1970,2207,2,0,3,7,180000
16492,1Story,1966,1888,2,1,2,6,190000
8197,1Story,2003,1480,2,0,3,7,214000
8050,1Story,1959,1143,1,0,3,6,136000
10552,1Story,1959,1700,1,1,4,6,165500
8400,1Story,1957,1314,1,0,3,5,145000
8760,1Story,1959,1194,1,0,3,6,148000
9300,1Story,1960,1264,1,0,3,6,167500
10725,1Story,1959,1206,1,0,3,6,108538
10032,1Story,1959,1580,1,1,3,6,159500
10950,1Story,1952,1064,1,0,2,4,135000
10895,1Story,1955,972,1,0,3,5,122500
7922,1Story,1953,1057,1,0,3,5,109000
7898,1Story,1920,985,1,0,2,4,105000
7200,1Story,1955,827,1,0,2,5,107500
10200,1Story,1954,1086,1,0,3,6,144900
5868,1Story,1956,936,1,0,2,4,129000
9830,1Story,1959,1287,1,0,3,7,162000
7500,1Story,1959,1246,1,1,3,6,154000
7200,1Story,1951,900,1,0,3,5,134800
10000,1Story,1962,1116,1,1,3,5,160000
7635,1Story,1960,1175,1,1,3,6,148000
9760,1Story,1963,1395,1,0,2,7,192000
7700,2Story,1966,1839,1,1,4,7,155000
4485,1Story,1920,936,1,0,2,5,109500
8960,1Story,1927,1028,1,0,2,5,115000
5805,1Story,1957,1347,1,0,3,6,143000
5790,2Story,1915,1605,2,0,3,8,107400
4608,1Story,1945,747,1,0,2,4,80000
7200,1Story,1940,804,1,0,2,4,119000
9656,1Story,1923,832,1,0,2,5,12789
8520,1Story,1928,720,1,0,2,5,105900
9600,2Story,1900,1566,2,0,3,7,150000
9000,2Story,1890,2268,3,0,3,7,240000
7407,1Story,1957,1236,1,0,2,6,149700
7740,2Story,1910,1363,1,0,3,6,125500
10560,2Story,1922,1470,1,1,2,6,140750
5000,1Story,1925,765,1,0,2,4,87000
6120,1Story,1923,1068,1,0,2,5,109500
10300,2Story,1921,1710,2,0,3,9,140000
12900,2Story,1912,1560,1,1,3,7,159900
3068,2Story,1920,1324,1,0,3,6,122000
15263,1Story,1959,1675,2,0,3,8,173000
6449,2Story,1907,1884,1,1,4,7,93369
11341,1Story,1957,1392,1,1,3,5,121500
8521,1Story,1967,912,1,0,3,5,125000
8246,1Story,1968,1060,1,0,3,6,154000
7800,1Story,1966,892,1,0,3,5,137900
9364,2Story,1969,1352,1,1,4,7,158000
7832,1Story,1968,864,1,0,2,4,137250
11227,2Story,1968,1440,1,1,4,7,163000
11616,2Story,1978,1386,2,1,3,6,158900
14000,2Story,1996,2260,2,1,3,7,328000
20062,1Story,1977,1483,1,1,1,4,270000
9259,1Story,1927,756,1,0,2,4,85000
9600,1Story,1950,1067,2,0,2,4,128000
23595,1Story,1979,1524,0,1,0,4,260000
17082,2Story,1978,1981,2,1,4,8,230000
11479,1Story,1950,1074,1,0,3,6,144500
9571,1Story,1956,1144,1,0,3,6,129000
9525,1Story,1954,1172,1,0,3,5,128000
10420,1Story,2009,1212,2,0,3,6,186000
11100,1Story,1946,930,1,0,2,6,84900
9206,2Story,1985,1732,2,1,3,7,178000
11980,1Story,1987,1433,1,1,1,4,270000
9938,2Story,1993,1949,2,1,3,8,236000
10475,1Story,2008,1694,2,0,3,7,245350
6762,1Story,2006,1208,2,0,2,6,206000
10402,1Story,2009,1226,2,0,3,6,198900
7360,1Story,2010,1222,2,0,2,6,187000
12376,2Story,1990,3222,3,0,5,11,320000
9337,2Story,1997,1692,2,1,3,8,191000
8750,2Story,1998,1682,2,1,3,7,200500
15240,1Story,1977,1026,1,1,3,5,150000
10900,2Story,1977,1392,1,1,3,6,161750
10650,1Story,1976,894,1,0,3,5,128200
7480,1Story,1972,876,1,0,3,5,127000
10389,1Story,2003,1978,2,1,3,8,318000
11423,1Story,2001,1601,2,0,3,6,272000
9548,2Story,2003,1829,2,1,3,7,237000
9375,2Story,1997,2098,2,1,4,9,240000
12137,1Story,1998,1661,2,0,3,6,224900
10635,1Story,2003,1668,2,0,3,8,232000
8400,1Story,2004,1484,2,0,3,7,213000
8773,1Story,2004,1414,2,0,3,6,185500
10044,1Story,1968,1196,1,0,3,6,144000
6410,1Story,1958,960,1,0,3,5,90000
8546,1Story,2003,1121,2,0,2,5,140000
4853,1Story,1924,1296,2,0,2,5,104000
6858,2Story,1915,1647,1,1,4,6,128000
8212,1Story,1914,864,1,0,2,5,58500
7890,1Story,1939,856,1,0,2,4,126000
9042,2Story,1941,2340,2,0,4,9,266500
17500,1Story,1959,1902,2,0,3,7,335000
15602,1Story,1959,1801,2,0,1,6,289000
8712,1Story,1896,952,1,0,3,5,50138
11050,2Story,1998,1916,2,1,3,8,254900
9196,1Story,2003,1560,2,0,3,7,201000
57200,1Story,1948,1687,1,0,3,7,160000
11896,1Story,2008,1346,2,0,3,6,220000
9802,2Story,2006,1444,2,1,3,7,174000
11316,2Story,2002,1894,2,1,4,8,214900
14191,2Story,2002,1908,2,1,4,9,202900
13214,1Story,2008,2018,2,0,3,10,378500
15300,1Story,1965,1264,1,0,2,7,169000
10114,1Story,2004,1430,2,0,3,7,173500
11875,1Story,1999,1344,2,0,3,7,166500
26142,1Story,1962,1188,1,0,3,6,157900
12887,1Story,1984,833,1,0,2,5,149900
10475,2Story,1991,1274,1,1,3,6,136000
9892,1Story,1994,1803,2,1,3,6,285000
12961,2Story,1993,1797,2,1,3,7,231000
13008,1Story,1956,882,1,0,2,5,124500
10200,1Story,1974,1434,2,0,4,7,157000
10179,2Story,1997,1608,2,1,3,7,189500
11792,2Story,2003,2283,2,1,4,9,270000
14892,1Story,2006,1746,2,0,3,7,377500
7380,1Story,1998,1478,2,0,2,5,240000
10141,2Story,1998,1718,2,1,3,7,185000
7500,2Story,1998,1636,2,1,3,7,191000
7837,2Story,1993,1571,2,1,3,7,178000
9765,2Story,1993,1470,2,1,3,6,185000
8803,2Story,1994,1516,2,1,3,7,181316
7250,1Story,1993,1190,2,0,3,6,166000
9636,2Story,1992,1593,2,1,3,7,178000
8125,2Story,1994,1481,2,1,3,6,174000
9248,1Story,1992,1167,2,0,3,6,173000
10762,2Story,1999,1983,2,1,3,9,225000
11851,1Story,1990,1442,2,0,3,5,180500
16158,1Story,2005,1530,2,0,3,7,260000
11900,2Story,1977,1934,2,1,3,6,185000
13005,2Story,1980,2353,2,1,4,10,260000
17043,1Story,1979,1586,2,0,3,7,181000
11900,1Story,1977,1411,2,0,3,6,82500
16635,1Story,1977,1602,2,0,3,8,215000
13250,2Story,1978,2050,2,1,4,8,154000
10928,1Story,1978,1671,2,0,3,7,2.00E+05
12388,2Story,1980,2673,2,1,4,9,249000
11088,1Story,1978,1707,2,0,3,7,184000
9600,1Story,1981,2524,2,1,4,9,278000
10400,1Story,1976,1370,2,0,3,6,152000
10304,2Story,1976,1868,2,1,4,9,197500
7000,2Story,2003,1884,2,1,3,7,240900
7500,2Story,2000,1874,2,1,3,7,220000
8470,2Story,2002,1811,2,1,3,7,235000
9373,1Story,1975,1621,2,0,3,7,213000
10140,1Story,1974,1116,2,0,3,6,167900
11050,1Story,1975,1193,2,0,3,5,158000
10140,1Story,1974,1350,2,0,3,7,165000
8750,1Story,1970,1002,1,0,3,5,148500
7930,1Story,1969,1026,1,0,3,5,156000
8510,1Story,1971,1050,1,1,3,6,143000
7038,1Story,1970,864,1,0,3,5,76500
6960,1Story,1970,864,1,0,3,5,120500
8120,1Story,1970,864,1,0,3,5,124500
10500,1Story,1971,864,1,0,2,4,97000
9000,1Story,1971,864,1,0,3,5,130000
7150,1Story,1967,892,1,0,3,5,1.00E+05
10710,1Story,1966,1120,1,0,3,5,148800
12456,1Story,2006,1718,2,0,3,7,337500
14257,2Story,2007,2772,3,1,4,10,462000
15431,1Story,2008,2402,2,0,2,10,555000
13173,1Story,2006,1652,2,0,2,6,325000
14230,1Story,2007,1600,2,0,3,7,256300
11308,2Story,2008,2184,2,1,3,10,335000
12350,1Story,2008,2020,2,0,3,7,404000
13693,1Story,2007,2674,2,1,2,8,610000
11578,1Story,2008,1736,2,0,3,7,360000
16870,1Story,2004,1782,2,0,3,7,296000
23303,2Story,2007,2520,2,1,5,10,409900
11146,1Story,2006,1717,2,0,3,7,255500
9591,1Story,2004,1713,2,0,3,7,274900
10872,1Story,2006,1531,2,0,2,6,3.00E+05
13514,1Story,2008,1808,2,0,3,7,324000
8834,2Story,2004,2224,2,1,4,10,350000
11362,1Story,2004,1836,2,0,3,7,280000
10655,1Story,2003,1629,2,0,3,7,284000
12878,1Story,2003,1760,2,0,3,8,269500
13472,1Story,2003,2392,2,0,3,8,386250
15274,1Story,2003,2452,2,0,3,10,445000
13262,2Story,2003,2400,3,1,4,10,290000
9658,1Story,2006,1606,2,0,3,6,255900
14836,1Story,2004,2492,2,1,2,8,552000
15262,1Story,2003,2200,2,1,3,8,382500
16770,1Story,2002,1712,2,0,3,8,286500
10928,2Story,2005,1456,2,1,3,8,184000
8918,2Story,2005,1490,2,1,3,7,167800
12589,2Story,2005,1484,2,1,3,8,174000
11911,2Story,2005,1560,2,1,3,6,174000
7795,2Story,2004,1432,2,1,3,6,188500
7984,2Story,2004,1630,2,1,3,7,189500
10125,2Story,2004,1594,2,1,3,7,195500
8965,2Story,2003,1489,2,1,3,8,192000
8174,2Story,2003,1342,2,1,3,7,178000
8795,2Story,2000,2256,2,1,4,8,236000
12891,2Story,2002,2004,2,1,4,8,257500
12224,2Story,2000,2054,2,1,3,7,244000
8123,2Story,2000,1800,2,1,3,7,179000
8433,2Story,2000,1514,2,1,3,7,190000
15896,2Story,1999,2312,2,1,4,8,245000
24682,2Story,1999,1675,2,1,3,7,181000
8755,2Story,1999,2060,2,1,3,8,214000
9430,2Story,1999,2365,2,1,3,8,337000
15138,2Story,1995,2794,2,1,4,9,403000
12720,2Story,2000,2687,2,1,4,10,327000
16545,2Story,1998,2450,2,1,3,7,340000
12203,2Story,1998,2612,2,1,4,8,336000
10208,2Story,1996,2344,2,1,3,7,265000
10750,1Story,1994,2063,2,0,3,7,315000
9900,2Story,1993,2646,2,1,4,9,260000
9085,2Story,1995,2061,2,1,3,7,260000
11692,2Story,1993,2232,2,1,3,8,263550
46589,2Story,1994,2448,2,1,4,8,402000
29959,2Story,1994,1850,2,1,3,7,248000
11194,1Story,2008,1696,2,0,3,7,275000
10206,1Story,2008,1658,2,1,3,7,257500
10130,1Story,2007,1702,2,0,3,7,275500
9139,1Story,2006,1432,2,0,3,7,245000
9675,2Story,2005,1971,2,1,3,8,253000
11128,1Story,2005,2490,2,0,2,9,468000
9000,2Story,2008,1590,2,1,3,6,210000
8640,1Story,2008,1402,2,0,3,7,229800
12606,1Story,2007,1530,2,0,3,7,250000
7500,1Story,2006,1448,2,0,2,6,238500
11003,2Story,2008,2007,2,1,3,10,310000
10603,2Story,2006,1795,2,1,3,8,270000
10574,2Story,2005,1953,2,1,3,9,252000
8125,2Story,2006,1550,2,0,2,7,241000
10625,1Story,2006,1662,2,0,3,8,291000
9375,2Story,2003,2094,2,1,4,8,263000
7500,1Story,2004,1221,2,0,2,6,185000
8736,1Story,2003,1553,2,0,3,6,234500
8127,2Story,2003,1653,2,1,3,6,209000
9605,1Story,2007,1218,1,1,3,6,159000
7500,1Story,2006,1141,1,1,3,6,152000
7500,1Story,2004,1158,1,1,3,5,143500
10628,2Story,2004,1812,2,1,3,8,193000
10141,1Story,2004,1512,2,0,3,6,203000
10083,1Story,2003,1200,2,0,2,5,184900
13072,1Story,2004,1114,1,1,3,6,159000
13072,1Story,2004,1114,1,1,3,6,142000
12450,1Story,2003,1114,2,0,3,6,153000
11492,2Story,1996,2122,2,1,4,8,220000
8529,1Story,2001,1434,2,0,3,6,189000
7703,2Story,1992,1730,2,1,3,6,171500
9109,2Story,1994,1540,2,1,3,6,184000
10274,2Story,1986,1400,2,1,3,6,162000
9750,1Story,1962,980,1,0,3,5,110000
7064,1Story,1977,980,1,0,3,6,135000
8499,1Story,1961,864,1,0,3,5,141000
9079,1Story,1961,864,1,0,2,5,122000
7791,1Story,1963,912,1,0,3,6,129000
10000,1Story,1961,1144,1,0,3,6,131400
8281,1Story,1965,864,1,0,3,5,62383
7150,1Story,1962,912,1,0,3,6,123000
15676,1Story,1980,2014,2,0,2,6,275000
11949,2Story,1991,1755,2,1,3,7,235000
14694,1Story,1977,1694,2,0,2,5,318750
15417,1Story,1981,1740,1,1,2,7,241600
9991,1Story,1976,1620,2,0,3,8,150000
11700,2Story,1968,1556,1,1,4,8,154000
11717,1Story,1970,1442,2,0,2,6,185000
9156,1Story,1968,1489,2,0,3,7,185750
10382,2Story,1973,2090,2,1,3,7,2.00E+05
12732,2Story,1974,2067,2,1,3,7,206000
12936,2Story,1972,1395,1,1,3,6,162000
10400,2Story,1967,2640,2,1,5,8,256900
9600,1Story,1969,1336,2,0,3,6,163000
9000,1Story,1969,1216,1,0,3,5,113000
13774,2Story,1977,2288,1,2,4,8,230000
9650,1Story,1977,1334,2,0,2,6,167900
10140,1Story,1998,1680,2,0,3,7,213250
8400,2Story,2001,1665,2,1,3,6,227000
7130,1Story,1967,864,1,0,2,5,130000
9100,1Story,1965,925,1,0,2,5,117500
9790,1Story,1967,1342,2,0,3,7,161500
7436,1Story,1960,894,1,0,2,5,141500
8125,1Story,1959,864,1,0,3,5,118000
9100,1Story,1959,864,1,0,2,5,127500
9450,1Story,1957,1362,1,0,3,6,140000
13495,1Story,1956,1728,2,0,3,7,177625
10004,1Story,1964,1516,1,1,3,6,167000
9350,1Story,1961,1313,1,1,3,6,153000
11000,1Story,1966,1154,1,1,3,6,154000
8970,2Story,1965,2140,2,1,4,7,177500
9600,1Story,1959,1041,1,0,3,6,124500
9768,1Story,1955,960,1,0,2,5,122000
5330,1Story,1940,708,1,0,2,5,82500
12160,1Story,1953,1505,1,0,2,6,149500
9900,1Story,1967,1691,1,0,2,5,175000
9600,1Story,1953,1644,1,0,3,7,167000
9600,1Story,1956,1050,1,0,2,5,128900
9600,1Story,1950,1113,1,0,3,5,147000
10573,1Story,1961,1453,2,0,3,6,187500
9500,1Story,1963,1394,1,1,3,6,159000
14695,1Story,1966,1567,2,0,2,5,256000
13600,2Story,1965,1986,2,1,3,7,205000
13000,2Story,1968,2142,2,1,4,8,193500
13560,1Story,1968,1392,1,0,2,5,110000
8760,1Story,1956,1144,1,0,3,6,150000
8400,1Story,1957,1478,1,1,3,6,156500
12285,1Story,1960,1329,1,1,3,5,176000
9240,1Story,1959,988,2,0,3,6,149500
9600,1Story,1958,1632,2,0,3,6,139000
12400,1Story,1958,1215,1,0,3,6,155000
8750,1Story,1955,1382,1,0,3,6,153000
10400,1Story,1956,1200,1,0,3,6,144000
8532,1Story,1954,1297,1,0,3,5,153000
8128,1Story,1954,1062,1,0,3,6,131000
10634,1Story,1953,1319,1,0,3,5,123000
10434,1Story,1955,1005,1,0,2,5,115000
8480,1Story,1945,793,1,0,2,4,113000
7626,1Story,1952,1031,1,0,2,5,145500
11419,2Story,1948,1527,1,1,3,6,152500
9600,1Story,1950,1200,1,0,3,6,129900
8000,1Story,1948,972,1,0,2,5,132000
5470,1Story,1958,792,1,0,2,4,99900
10800,2Story,1939,1352,2,0,4,7,149000
8146,2Story,1900,1039,1,0,2,6,114000
9022,1Story,1924,792,1,0,2,5,109500
10230,1Story,1925,1078,1,0,3,6,125000
7200,2Story,1910,1690,2,0,4,5,156500
5400,1Story,1940,599,1,0,2,4,59000
10800,1Story,1920,846,1,0,2,4,106000
10800,1Story,1890,725,1,1,1,4,78500
10143,1Story,1963,1380,1,1,3,6,154000
11500,1Story,1967,1040,1,0,3,6,163000
8010,1Story,1958,951,1,0,2,6,143500
10454,1Story,1957,1105,1,0,3,5,135000
8712,1Story,1957,1306,1,0,2,5,153000
17600,1Story,1960,1478,2,0,3,6,157500
12144,1Story,1949,1268,1,0,3,6,133000
7350,1Story,1958,1041,1,0,3,6,128000
7200,1Story,1952,732,1,0,2,4,118900
7931,1Story,1959,1148,1,0,3,6,132500
7570,2Story,1964,1806,1,1,4,8,144750
7936,1Story,1963,1045,1,0,3,6,127000
6600,1Story,1962,894,1,0,2,5,109500
10440,2Story,1910,1230,1,1,2,5,110000
9900,2Story,1910,1464,2,0,3,7,129000
6406,2Story,1939,1558,1,1,3,7,150000
6600,2Story,1892,2372,2,0,4,11,107500
3378,2Story,1946,1389,1,1,3,6,135000
5925,1Story,1940,612,1,0,1,4,45000
5784,1Story,1938,886,1,0,2,4,91300
8520,1Story,1923,792,1,0,2,5,99500
9600,2Story,1910,1510,2,0,3,7,87500
11700,2Story,1880,2640,1,1,4,8,265979
8400,2Story,1900,2007,2,0,3,8,160000
3600,2Story,1917,1288,1,0,3,5,119000
17671,2Story,1882,1742,1,1,4,8,168000
3300,1Story,1910,816,1,0,2,5,58500
9000,2Story,1920,1482,1,0,3,7,143000
7200,1Story,1910,1022,1,0,2,4,85000
9720,2Story,1910,1521,1,0,4,8,146500
7879,1Story,1920,720,1,0,2,4,34900
9392,1Story,1900,797,1,0,2,5,44000
21384,2Story,1923,1576,1,1,3,6,223500
6615,1Story,1923,1432,1,0,3,6,149000
6911,1Story,1924,1301,1,0,2,5,1.00E+05
6120,1Story,1931,875,1,0,2,5,105000
6120,1Story,1925,995,1,0,2,5,115000
8635,1Story,1925,1072,1,0,2,5,126500
11414,2Story,1910,2019,1,0,3,8,167500
8094,2Story,1915,1768,2,0,3,8,155000
2500,2Story,1915,1826,1,1,4,7,155000
9928,2Story,1915,1944,2,0,3,8,179900
6876,2Story,1927,1930,2,0,4,8,149000
5775,2Story,1915,1427,1,0,3,7,123000
10020,1Story,1922,904,0,1,1,4,61000
6629,2Story,1925,1369,2,0,3,6,103600
8816,1Story,1963,1121,1,0,3,5,139000
11184,2Story,1978,1683,2,1,3,7,172500
11625,1Story,1967,1052,1,1,3,6,113500
7800,1Story,1967,899,1,0,3,5,130000
11616,1Story,1962,1092,1,0,3,6,139000
9000,1Story,1947,660,1,0,2,5,63900
25095,1Story,1968,1473,1,0,1,5,143000
17140,1Story,1956,1229,1,0,3,6,135000
12342,1Story,1940,861,1,0,1,4,82500
13680,1Story,1955,1733,2,0,4,8,139600
15635,1Story,1954,1383,1,0,2,6,122000
9571,1Story,1956,1073,1,0,2,5,121500
9350,2Story,1946,1639,1,1,3,6,154400
9340,1Story,1941,672,1,0,2,4,113000
7440,1Story,1954,1089,1,0,3,5,125000
11500,1Story,1957,845,1,0,3,5,84000
9084,2Story,1940,1510,1,0,4,7,108000
14684,1Story,1990,2196,2,0,3,7,271900
9317,2Story,1993,1775,2,1,3,7,213000
10560,2Story,1993,1879,2,1,3,8,239900
9828,2Story,1995,2020,2,1,3,8,239500
26400,2Story,1880,2016,1,0,4,7,131000
10637,1Story,2007,1718,2,0,3,7,297000
10226,1Story,2008,1630,2,0,3,8,295493
10816,1Story,2008,1720,2,0,3,8,332000
9178,1Story,2008,1468,2,0,3,6,239900
10769,2Story,2007,1768,2,1,3,7,212000
11422,1Story,2007,1838,2,0,3,7,272500
11923,1Story,2007,1800,2,0,2,7,239000
8814,1Story,2006,1604,2,1,3,8,220000
6762,1Story,2007,1290,2,0,2,6,2.00E+05
10324,1Story,2008,1254,2,0,2,5,221800
7314,1Story,2007,1232,2,0,2,6,194500
11645,1Story,2005,1498,2,0,3,7,237000
11646,2Story,2005,1422,2,1,3,7,173000
16698,2Story,1992,1759,2,1,3,7,233500
28698,2Story,1967,2126,2,1,3,7,185000
12464,1Story,1996,1040,1,0,3,6,152000
9757,1Story,1994,990,1,0,3,5,143000
15426,2Story,1997,1764,2,1,3,7,231500
14753,1Story,1998,1463,2,0,3,5,207000
10859,1Story,1994,1097,1,1,3,6,145000
8072,1Story,1994,990,1,0,3,5,138000
10400,2Story,1998,1779,2,1,3,6,197900
10335,1Story,1999,1501,2,0,3,6,204000
9017,1Story,1999,1431,2,0,3,6,192000
8750,2Story,1998,1772,2,1,3,7,2.00E+05
8935,2Story,2002,1660,2,1,3,7,195000
9808,1Story,2002,1573,2,0,3,6,227000
12420,2Story,2001,1840,2,1,3,6,230000
16285,1Story,2001,1430,2,0,3,6,187100
10739,1Story,2002,1444,2,0,3,6,203000
11166,1Story,2001,1492,2,0,3,6,201000
8430,1Story,1978,1040,2,0,3,5,124000
16269,1Story,1978,907,1,0,3,5,140000
6950,1Story,1979,914,1,0,2,5,134900
8800,1Story,1977,1040,2,0,3,5,150500
7000,1Story,1978,864,1,0,3,6,136500
9286,1Story,1977,1268,1,1,3,5,143500
15523,1Story,1972,864,1,0,3,5,133500
7200,1Story,1972,894,1,0,2,6,123000
11664,1Story,2002,1611,2,0,3,6,250000
12334,2Story,2003,2184,2,1,4,8,254750
11838,1Story,2001,1788,2,0,3,7,236500
11885,2Story,2001,1872,2,1,3,7,261500
11050,2Story,2000,2153,2,1,3,8,313000
8749,2Story,2002,1725,2,1,3,6,198500
11250,2Story,2001,1870,2,1,3,6,211000
15750,1Story,1999,1513,2,0,2,5,220000
11883,1Story,1996,1504,2,0,3,6,203000
12782,1Story,2002,1828,2,0,3,7,279500
8750,1Story,1997,1417,2,0,3,7,210000
9375,2Story,1997,2034,2,1,3,8,219500
8750,2Story,1996,1716,2,1,2,7,191000
9100,1Story,2001,1212,2,0,3,6,178000
9750,1Story,2000,1630,2,0,3,6,213000
10200,1Story,2007,1602,2,0,3,7,293200
9313,2Story,2004,1728,2,1,3,7,190000
8487,1Story,2004,1500,2,0,3,6,190000
8633,2Story,2005,1476,2,1,3,7,173500
11069,2Story,2007,1396,2,1,3,6,170000
8777,1Story,1949,1126,2,0,2,5,108000
9937,1Story,1964,1486,1,0,3,7,167000
8877,1Story,1938,816,1,0,2,3,1.00E+05
7950,2Story,1977,1426,1,1,3,6,159500
13286,1Story,2007,1698,2,0,3,8,320000
9405,1Story,1947,698,1,0,2,4,118000
6410,1Story,1959,876,1,0,3,5,85000
11767,1Story,1950,1368,1,0,3,6,120000
4060,1Story,1922,864,1,0,2,4,99900
10206,1Story,1952,944,1,0,2,4,82000
11767,1Story,1956,1560,1,0,2,7,103500
8400,1Story,1920,438,1,0,1,3,60000
5707,2Story,1935,1242,1,1,3,6,105000
8574,1Story,1916,1232,1,0,3,6,147500
7200,2Story,1936,1135,1,0,3,6,155000
7155,2Story,1918,1228,1,0,3,6,137000
10918,2Story,1926,2080,1,1,3,9,234000
7500,2Story,1942,1494,1,0,3,7,177500
14680,1Story,1960,1273,1,0,2,5,155000
13360,1Story,1921,964,1,0,2,5,163500
9100,1Story,1954,1112,1,0,2,6,144800
12000,2Story,1941,1564,1,1,3,7,174500
13339,1Story,1960,1561,2,0,3,6,193000
14000,1Story,1950,1152,1,0,3,6,158500
17597,1Story,1971,2365,2,0,3,7,315000
21695,1Story,1988,1680,2,0,3,5,222000
10690,2Story,1920,1344,1,0,3,6,147000
8660,2Story,1900,2168,2,0,5,11,123000
6402,2Story,1920,1192,1,0,3,6,78000
10200,1Story,1925,572,1,0,2,4,75000
10125,2Story,2000,2052,2,1,3,7,251000
12118,1Story,2004,1710,2,0,3,7,240000
12209,2Story,2001,1961,2,1,3,7,215000
215245,1Story,1965,2036,2,0,3,8,375000
12898,1Story,2007,1620,2,0,2,6,315500
13438,1Story,2008,2036,2,0,3,9,410000
14463,1Story,2008,1641,2,0,3,7,316500
8925,1Story,2007,1466,2,0,3,7,201000
11457,1Story,1988,1412,2,0,3,6,175000
9839,2Story,1980,2237,2,1,3,7,204000
6853,1Story,2001,1296,2,0,2,6,220000
9157,2Story,2003,2014,2,1,3,9,170000
14601,1Story,2006,1838,2,0,2,8,315000
12633,1Story,2007,1978,2,0,2,7,425000
12518,1Story,1968,1008,1,0,3,6,139500
21750,1Story,1960,1771,1,0,3,9,115000
9858,1Story,1968,874,1,0,3,5,130000
13383,1Story,1969,1404,2,0,3,7,160000
8780,1Story,1985,833,1,0,3,5,112000
10429,2Story,1992,1287,1,1,3,6,130000
9819,1Story,1977,1567,2,0,2,5,196000
10457,2Story,1969,1632,1,1,4,7,173000
11029,1Story,1958,1414,1,0,3,6,176500
12925,1Story,1970,2117,2,1,4,7,237500
11075,2Story,1969,2112,2,1,4,9,206900
8702,2Story,1997,1604,2,1,3,7,187500
8139,2Story,1995,1470,2,1,3,7,165000
9535,2Story,1998,1604,2,1,3,7,195500
9042,2Story,1998,1638,2,1,3,7,192000
15038,2Story,1996,1636,2,1,3,7,173000
14137,1Story,1996,1384,2,0,3,7,177900
21872,2Story,1996,1446,2,1,3,6,175000
6264,1Story,1997,1682,1,1,1,6,247900
10839,2Story,1997,1604,2,1,3,7,181000
11184,2Story,1998,1633,2,1,3,7,183000
8000,2Story,1995,1658,2,1,3,8,188000
10832,2Story,1994,1895,2,1,3,7,194500
14067,2Story,1991,1709,2,1,3,7,185000
13543,2Story,2005,2500,3,1,5,9,355000
11198,2Story,2005,2504,2,1,4,11,325000
15401,1Story,2004,1884,2,0,2,7,387000
31220,1Story,1952,1474,1,0,3,7,115000
47280,1Story,1950,1488,2,1,3,6,133000
20544,2Story,1986,2093,2,1,3,7,215000
12680,1Story,1988,1688,2,0,2,6,226500
12090,1Story,1981,1422,2,0,3,7,175500
10825,1Story,1983,1260,2,0,3,6,181900
18559,1Story,1978,2064,2,0,3,7,235000
14450,1Story,1979,1782,2,0,3,6,220000
12227,2Story,1977,2872,2,1,4,11,272000
13068,1Story,1976,1211,2,0,3,6,161000
15611,1Story,1977,1126,2,0,3,6,175000
10400,2Story,1980,2044,2,1,3,7,185000
9743,2Story,1969,1308,1,1,3,7,146900
12511,2Story,1978,2840,2,1,4,8,292500
10400,1Story,1976,1444,2,0,2,5,159900
10480,2Story,1976,1964,2,1,4,8,205000
10000,1Story,1973,1178,1,1,3,5,157000
14311,2Story,1996,2340,2,1,4,9,306000
9750,1Story,1969,1054,1,1,3,6,151000
7560,1Story,1971,864,1,0,3,5,123000
9477,1Story,1966,892,1,0,3,5,110000
13693,1Story,2007,2464,2,1,4,9,417500
14418,1Story,2007,1950,2,0,2,7,383000
13418,2Story,2006,2748,2,1,4,9,390000
12539,2Story,2005,2790,2,1,4,10,460000
12151,2Story,2005,2331,2,1,3,9,379000
8899,2Story,2007,2088,2,1,4,10,250000
10574,2Story,2004,2332,2,1,4,9,316000
13688,2Story,2003,2668,2,1,3,10,412500
10625,2Story,2003,2046,2,1,3,8,284000
10845,1Story,2003,1575,2,0,2,7,284000
16900,2Story,2001,2649,2,1,4,10,421250
16451,2Story,2003,2690,2,1,4,9,370000
3182,1Story,2007,1266,2,0,2,6,159895
9024,2Story,2004,1515,2,1,3,8,179000
7415,2Story,2004,1593,2,1,3,8,193000
8029,2Story,2005,1456,2,1,3,8,176000
8010,2Story,2002,1720,2,1,3,7,188000
8396,2Story,2003,1986,2,1,4,9,213000
10261,2Story,2000,1792,2,1,3,8,186500
8220,2Story,2000,1892,2,1,3,8,226750
15384,2Story,2004,1490,2,1,3,8,184000
7750,2Story,2002,1414,2,1,3,6,176000
12460,2Story,1999,2322,2,1,4,8,225000
8390,2Story,1999,1651,2,1,3,7,185900
9200,2Story,1998,2630,2,1,4,8,315000
14260,2Story,2000,2198,2,1,4,9,250000
11000,2Story,2000,2172,2,1,4,8,291000
11675,1Story,1998,2006,2,0,2,5,350000
10990,2Story,1996,2125,2,1,4,12,279500
11929,2Story,1995,2501,2,1,4,9,290000
10437,1Story,1995,2113,2,1,2,7,350000
10542,2Story,1993,2418,2,1,3,9,341000
10010,2Story,1993,2197,2,1,4,9,287500
10944,2Story,1994,2127,2,1,3,5,271000
14303,1Story,1994,1987,2,0,2,7,301500
14598,2Story,2007,1933,2,1,4,9,214000
11957,1Story,2006,1574,2,0,3,7,232000
13253,1Story,2006,1578,2,0,3,7,240000
10206,1Story,2007,1563,2,0,3,6,245000
9801,2Story,2007,1861,3,0,3,7,257000
10037,1Story,2006,1460,2,0,3,6,247000
9803,2Story,2005,1768,2,1,3,7,226700
9375,2Story,2003,1992,2,1,3,9,250000
10625,2Story,2005,1958,2,1,3,9,250000
8125,2Story,2007,1665,2,1,3,7,205950
10625,1Story,2007,1660,2,0,3,7,256000
8791,2Story,2003,1728,2,1,3,7,207500
7500,1Story,2004,1080,1,0,3,6,141000
10110,2Story,2003,1696,2,1,3,7,188000
12774,2Story,2003,1663,2,1,3,8,192500
13072,1Story,2005,1175,1,0,3,6,146000
13695,1Story,2004,1114,1,1,3,6,159000
13695,1Story,2003,1114,1,0,3,6,155000
8366,2Story,2004,1640,2,1,3,6,173000
9260,1Story,2007,1162,2,0,3,6,170000
8453,2Story,1995,1609,2,1,3,6,182000
8480,2Story,1993,1680,2,1,3,7,163000
8125,1Story,1994,1679,2,0,3,7,193500
14565,2Story,1994,1657,2,1,3,6,189000
8450,2Story,2001,1677,2,1,3,7,190500
8285,2Story,1992,1737,2,1,3,7,175000
7153,1Story,1991,1294,2,0,3,6,179200
9291,2Story,1993,1710,2,1,3,7,187000
9100,1Story,1963,984,1,0,3,5,128000
12968,1Story,1962,912,1,0,2,4,144000
8100,1Story,1961,864,1,0,3,5,135000
6768,1Story,1961,912,1,0,3,5,142000
19508,1Story,1974,1430,2,0,3,6,192000
9205,2Story,1990,2683,2,1,4,9,290000
10646,2Story,2001,1789,2,1,3,7,223000
11120,1Story,1984,1232,2,0,3,6,162500
24572,2Story,1977,2944,2,2,3,9,150000
16280,1Story,1976,1671,3,0,3,6,290000
7500,2Story,2002,1812,2,1,3,7,205000
10400,1Story,1970,1682,2,0,3,7,174000
11050,1Story,1968,1740,1,1,4,8,150000
15387,1Story,1967,1620,2,0,4,8,215000
10800,2Story,1974,2614,2,1,4,9,240000
8814,2Story,1968,1464,1,1,4,7,141000
8872,1Story,1965,912,1,0,2,5,147000
8125,1Story,1965,925,1,0,3,5,135000
13355,2Story,1971,1670,1,1,4,7,170000
8963,2Story,1976,2715,3,1,4,11,299800
9120,2Story,1974,1876,2,1,4,8,185000
9130,2Story,1966,1632,1,1,4,7,173000
9900,2Story,1968,1978,2,1,4,9,176000
7785,1Story,1956,1014,1,0,2,6,98000
8593,1Story,1957,907,1,0,3,5,109008
8475,1Story,1956,952,1,0,2,4,135750
8700,1Story,1963,1128,2,0,3,6,155000
10175,1Story,1964,1425,2,0,3,7,180500
9200,1Story,1965,1136,1,0,3,5,140000
8250,1Story,1964,1092,1,0,3,6,145000
10007,1Story,1959,1053,1,1,3,5,145500
10721,1Story,1959,1252,1,0,3,7,142000
12493,1Story,1960,1100,1,0,3,6,141000
11332,1Story,1960,1118,1,0,3,6,153000
6627,1Story,1949,720,1,0,2,4,72500
4130,1Story,1935,729,1,0,2,5,52000
9600,1Story,1960,1496,2,0,3,6,141500
9600,1Story,1950,1337,1,0,3,7,141500
7584,1Story,1953,1036,1,0,3,5,112900
13700,2Story,1965,1820,1,2,4,8,201800
7875,1Story,1961,1144,1,0,3,6,139950
14670,2Story,1966,1988,2,1,4,9,227000
7390,1Story,1955,1098,1,0,3,6,135000
7763,1Story,1962,1283,1,0,3,6,140000
8856,1Story,1957,1176,1,0,3,6,136500
9840,1Story,1959,1440,2,0,2,7,185000
9120,1Story,1958,1261,1,0,3,6,163000
13200,1Story,1958,1570,1,0,3,5,166800
9000,1Story,1956,1196,1,0,2,6,139000
11900,1Story,1957,1392,1,1,3,6,166000
9464,1Story,1958,1080,1,0,3,5,136000
10425,1Story,1956,1104,1,0,3,5,133000
11556,1Story,1952,882,1,0,2,4,116000
9373,1Story,1953,1152,1,1,3,6,137500
12774,1Story,1953,950,1,0,2,5,130000
14250,1Story,1957,1790,2,0,3,6,180000
7677,1Story,1953,773,1,0,2,4,110000
8838,1Story,1957,1764,2,1,4,7,1.00E+05
10122,1Story,1948,869,1,0,1,3,89900
5400,1Story,1940,672,1,0,2,4,86900
9247,2Story,1962,1716,1,1,4,8,171000
10180,1Story,1968,1044,1,1,3,5,139000
11355,1Story,1958,1312,1,1,3,6,186000
10920,1Story,1960,1253,1,1,2,5,157000
27650,1Story,1960,2069,2,0,4,9,242000
8892,1Story,1953,910,1,0,3,5,116000
7200,1Story,1951,876,1,0,2,5,94000
7200,1Story,1950,1048,1,0,3,7,98300
8000,1Story,1959,1256,1,1,3,6,159000
8000,1Story,1962,1027,1,0,3,6,125900
7931,1Story,1960,1269,1,1,3,6,155000
7200,1Story,1954,825,1,0,2,4,109500
7056,2Story,1963,1796,1,1,4,8,140000
9760,2Story,1964,1611,1,1,4,7,167900
9836,1Story,2008,1133,1,0,3,7,143000
5232,1Story,1925,764,1,0,2,4,73000
10440,2Story,1904,1539,2,0,3,8,157500
4800,2Story,1910,1360,1,0,2,6,111000
4800,1Story,1940,672,1,0,2,4,64000
5400,1Story,1920,1027,1,0,2,5,120000
6756,1Story,1910,899,1,0,2,5,78000
6000,1Story,1948,789,1,0,2,5,115000
12000,1Story,1948,1122,1,0,2,6,147000
7311,1Story,1946,407,1,0,1,3,46500
6000,1Story,1957,928,1,0,3,5,112500
6000,1Story,1954,901,1,0,2,4,107900
12205,1Story,1949,1588,2,0,5,6,65000
5350,2Story,1920,1450,1,0,3,7,132000
6000,2Story,1905,1540,1,1,3,7,129400
9600,2Story,1928,1378,2,0,3,7,161000
5250,2Story,1872,2358,2,0,4,8,122000
10800,2Story,1890,2495,2,0,5,10,184000
9750,1Story,1959,984,1,0,2,5,110000
12702,1Story,1956,882,1,0,2,4,97000
8516,1Story,1958,1093,1,0,2,5,115500
7111,1Story,1928,1143,1,0,2,5,138000
9100,1Story,1930,935,1,0,2,4,79500
5870,2Story,1900,1290,1,1,3,6,106900
6000,1Story,1924,949,1,0,2,5,119000
6120,1Story,1945,808,1,0,1,6,81300
6120,2Story,1923,1902,2,0,4,7,123500
6155,2Story,1920,1362,2,0,3,6,128000
6324,1Story,1927,520,1,0,1,4,68500
10267,1Story,1918,838,1,0,2,5,130000
5100,2Story,1925,1666,1,0,3,7,161000
6291,1Story,1930,768,1,0,1,4,93850
7200,1Story,1925,1040,1,0,2,5,127500
8235,1Story,1955,825,1,0,2,4,125000
9488,1Story,1947,1054,1,0,3,6,124000
8250,1Story,1968,1211,1,0,3,5,134000
11200,1Story,1965,1040,1,0,3,5,129500
7162,1Story,1966,904,1,0,3,6,109900
10265,1Story,1967,992,1,0,3,6,145000
9764,1Story,1967,894,1,0,3,5,130000
9981,1Story,1967,1073,1,0,3,6,120000
9000,1Story,1959,1006,1,0,3,5,80000
8544,1Story,1966,1228,1,1,3,6,149350
9239,1Story,1963,960,1,0,3,6,144900
14175,1Story,1956,1188,1,0,1,4,185000
13284,1Story,1954,1383,1,0,3,6,165000
13500,1Story,1960,1252,1,0,1,4,235000
10200,1Story,1940,672,1,0,2,4,108000
2887,1Story,1996,1291,1,0,2,6,173000
10005,2Story,1977,2022,2,1,4,8,192000
20270,1Story,1979,1524,2,0,3,7,245000
39104,1Story,1954,1363,1,0,2,5,241500
53227,1Story,1954,1663,1,0,2,6,256000
10452,1Story,1953,1094,1,0,3,5,155000
19550,1Story,1940,1518,1,0,2,5,260000
9571,1Story,1956,1509,1,0,3,6,159900
9360,2Story,1962,1269,1,1,3,7,134500
11839,2Story,1990,2329,2,1,4,10,262280
9771,2Story,1995,2814,2,1,4,9,260000
9938,1Story,1994,1626,2,1,3,7,226500
14171,2Story,1993,2200,2,1,4,9,225000
9345,1Story,2007,1615,2,0,3,7,248500
11778,1Story,2008,2276,2,0,3,7,475000
11228,2Story,1993,2097,2,1,3,9,228000
11500,1Story,1966,1643,2,0,2,6,195000
12798,2Story,1997,1688,2,1,4,8,2.00E+05
9750,1Story,1994,990,1,0,3,5,155000
9525,1Story,1995,1099,1,1,3,6,144000
9245,1Story,1994,990,1,0,3,5,145000
8696,1Story,1997,1418,2,0,3,5,226001
13142,2Story,1997,1771,2,1,3,6,215700
8998,2Story,2000,1652,2,1,3,6,207500
9179,2Story,1999,1790,2,1,3,7,193000
8924,2Story,1998,1724,2,1,3,8,188000
9382,1Story,1999,1479,2,0,3,6,191000
12803,1Story,2002,1494,2,0,3,6,221000
12435,2Story,2001,1792,2,1,3,7,231500
12192,2Story,2000,1823,2,1,3,6,235000
11250,2Story,2001,1786,2,1,3,6,223500
9200,1Story,1975,938,1,0,3,5,130250
12250,1Story,1978,1174,1,0,3,5,158000
9216,1Story,1975,1076,1,1,3,5,143195
14330,1Story,1975,1558,2,0,2,5,163000
7990,1Story,1975,924,1,0,3,5,110000
7180,1Story,1972,864,1,0,3,5,127000
7200,1Story,1972,780,1,0,2,4,124900
9742,1Story,2002,1795,2,0,3,7,230000
9473,2Story,2002,2031,2,1,3,7,237000
10316,2Story,2000,1865,2,1,3,7,235000
10400,2Story,2001,2161,2,1,3,8,230500
9066,2Story,1999,1852,2,1,3,7,230000
11404,2Story,1998,2031,2,1,3,8,222500
9240,2Story,2001,2263,2,1,3,7,287000
9720,2Story,2001,1947,2,1,3,7,274000
14860,1Story,2002,1786,2,0,3,6,3.00E+05
11250,2Story,2002,2290,2,1,4,9,255900
8158,2Story,2003,1768,2,1,3,8,224900
10905,2Story,2003,2327,2,1,4,9,240000
7226,2Story,2003,1640,2,1,3,6,183000
11690,2Story,1999,1764,2,1,3,7,207000
8750,2Story,1994,1908,2,1,4,8,210000
13125,1Story,1997,1493,2,0,3,7,208900
9135,1Story,2002,1536,2,0,3,7,214000
8450,2Story,2003,1710,2,1,3,8,208500
9750,1Story,2004,1445,2,0,3,6,186500
8450,1Story,2004,1436,2,0,3,8,210000
8320,2Story,2004,1582,2,1,3,6,185900
11049,1Story,2007,1234,2,0,3,7,179900
11058,1Story,2007,1564,2,0,3,6,218836
9627,1Story,2007,1361,2,0,3,6,193000
8199,2Story,2005,1456,2,1,3,7,189000
8777,1Story,1910,796,1,0,2,4,85000
9937,1Story,1965,1256,1,1,3,6,147500
6500,1Story,1976,1127,1,1,3,6,135000
13907,1Story,1940,996,1,0,3,6,108000
6931,2Story,2003,1656,2,1,3,7,165400
7200,2Story,1976,1398,1,1,3,6,160500
7024,1Story,2005,1132,1,1,2,5,176000
47007,1Story,1959,3820,3,1,5,11,284700
9520,1Story,1953,930,1,0,2,5,99000
5604,1Story,1925,864,1,0,2,5,98000
8248,1Story,1914,864,1,0,2,5,67000
12155,2Story,1925,1482,2,0,4,7,140000
7290,1Story,1921,1424,2,0,2,7,168000
8525,2Story,1911,1964,1,1,4,7,130000
9842,2Story,1921,2601,3,1,4,8,189000
8969,2Story,1926,1316,1,0,2,6,145000
15576,2Story,1915,1680,2,0,4,8,177000
6292,1Story,1930,790,1,0,2,4,91000
7609,2Story,1925,1512,2,0,3,7,231000
9650,2Story,1923,1603,1,0,4,7,138000
7200,2Story,1931,1502,1,1,3,6,149000
11988,2Story,1934,1660,1,1,3,6,188700
7801,1Story,1951,1091,1,0,2,5,104000
9670,2Story,1935,1873,1,1,4,9,257076
26073,1Story,1956,1898,2,1,3,7,236500
14778,1Story,1954,1640,1,0,3,7,224000
7000,1Story,1926,919,1,0,2,5,126000
3636,1Story,1922,796,1,0,2,5,55000
5890,1Story,1930,816,1,0,2,5,120500
6900,1Story,1940,778,1,0,2,4,120500
7392,1Story,1930,912,1,0,2,5,99500
14584,1Story,1952,733,1,0,2,4,13100
5280,2Story,1895,1361,1,0,2,6,89000
8500,2Story,1920,1317,1,0,3,6,40000
9000,2Story,1920,864,1,1,3,5,65000
23730,1Story,1996,2032,3,0,3,7,3.00E+05
13265,1Story,2002,1689,2,0,3,7,271000
11050,2Story,1996,1820,2,1,3,8,213000
10125,1Story,1977,1279,2,0,3,6,171500
9990,1Story,1991,1689,2,0,3,6,228500
11563,1Story,2006,1537,2,0,3,8,294000
12890,1Story,1989,1495,2,0,3,8,150000
12416,1Story,1986,1651,2,0,3,7,184000
18265,1Story,1986,1256,2,0,3,6,180000
11202,1Story,2003,1440,2,0,3,7,232500
7915,1Story,1999,1675,2,0,3,6,195000
12244,2Story,2003,2262,2,1,4,10,305000
11449,1Story,2007,1728,2,0,3,7,298751
11447,1Story,2005,1964,2,1,3,7,370000
9278,1Story,2007,1092,1,0,2,5,146000
17979,1Story,1968,1160,1,0,3,6,152500
21750,1Story,1954,988,1,0,2,4,113000
6490,1Story,1983,816,1,0,2,4,128500
6951,1Story,1984,923,1,0,3,5,119500
6600,1Story,1982,816,1,0,3,5,130500
6600,1Story,1982,816,1,0,2,4,138000
6600,1Story,1982,845,1,0,3,6,134500
12395,1Story,1984,889,1,0,3,6,137500
11075,2Story,1969,1968,2,1,4,7,172000
10667,1Story,1971,1587,2,0,3,7,167300
10628,1Story,1970,1277,1,0,2,5,167000
13651,1Story,1973,2223,2,0,3,8,244000
15865,1Story,1970,2217,2,0,4,8,268000
12394,2Story,2003,1733,2,1,3,7,225000
10364,2Story,1995,1572,2,1,3,7,168000
13869,2Story,1997,1470,2,0,3,6,177000
8773,2Story,1997,1600,2,1,3,7,169000
8637,2Story,1999,1714,2,1,3,7,180000
7875,2Story,1996,1553,2,1,3,6,178750
7875,1Story,1995,1253,2,0,3,6,176000
7500,2Story,1999,2299,3,1,5,7,204000
9556,1Story,1992,1187,2,0,3,6,160000
7655,2Story,1993,1642,2,1,3,7,168000
18160,1Story,1964,1128,1,0,3,6,154204
14157,1Story,2005,1922,2,0,3,8,377426
12328,2Story,2005,2541,3,1,4,10,349265
14082,1Story,2006,2234,1,1,1,7,441929
12546,1Story,1981,1440,2,0,3,7,182900
12090,2Story,1981,1479,2,1,3,6,176000
12299,1Story,1978,1664,2,0,3,7,213000
11339,2Story,1979,1930,2,1,4,9,192000
11952,2Story,1977,1969,2,1,3,8,190000
12046,2Story,1976,2030,2,1,4,8,195000
11850,1Story,1984,1177,2,0,3,6,151500
10400,1Story,1979,1353,2,0,2,5,192350
10793,2Story,1969,1620,2,1,4,7,152000
13001,1Story,1971,1220,2,0,2,6,170000
12243,1Story,1971,1484,2,0,3,7,175000
11700,2Story,1968,1743,1,2,3,7,175000
12384,2Story,1976,1935,2,1,3,7,197900
8000,2Story,1974,1877,2,1,4,8,178900
10530,1Story,1971,981,1,1,3,5,143250
7472,2Story,1972,1479,1,1,4,7,184000
9457,1Story,1970,1422,1,0,3,7,155000
7920,1Story,1970,914,1,0,3,5,133000
9758,1Story,1971,950,1,0,3,5,119500
8294,1Story,1971,872,1,0,3,5,123000
7340,1Story,1971,858,1,0,2,4,110000
9000,1Story,1971,864,1,0,3,5,120500
7150,1Story,1966,988,1,0,3,5,129250
15431,1Story,2005,2046,2,1,2,7,450000
13693,2Story,2006,2643,2,1,3,9,380000
11428,1Story,2006,1634,2,0,3,7,250000
13654,2Story,2005,2758,2,1,4,9,418000
9591,2Story,2004,2473,2,1,4,9,317000
13615,1Story,2006,1802,2,1,3,7,372000
13069,2Story,2004,2956,2,1,5,11,342000
12099,2Story,2004,2468,2,1,4,10,354000
14277,2Story,2003,2385,2,1,3,7,350000
11999,2Story,2003,2374,2,1,4,10,285000
9926,1Story,2005,1614,2,0,3,7,245700
9254,1Story,2005,1721,2,0,3,7,232698
10237,2Story,2005,1536,2,1,3,6,176000
12216,1Story,2005,1326,2,0,3,6,203000
14572,1Story,2004,1530,2,0,3,7,259000
11796,2Story,2004,1959,2,1,4,8,215000
8244,2Story,2004,1720,2,1,3,7,183500
7875,2Story,2003,1948,2,1,4,8,211000
8063,2Story,2000,1690,2,1,3,7,181000
8740,2Story,2002,1995,2,1,4,8,219500
7917,2Story,1999,1647,2,1,3,7,175000
7750,2Story,2003,1320,2,1,3,6,162000
9487,2Story,2000,1690,2,1,3,7,187000
9649,2Story,1999,1644,2,1,3,7,185000
12191,2Story,1997,2551,2,1,4,8,384500
11000,2Story,2000,2285,2,1,4,8,248000
11400,1Story,2001,2633,2,1,2,8,466500
10557,2Story,1998,3078,2,1,4,9,410000
11002,2Story,1998,2582,2,1,4,9,322500
10790,2Story,1998,2385,2,1,4,8,252000
21535,2Story,1994,4316,3,1,4,10,755000
9920,2Story,1996,2013,2,1,3,8,269790
11787,2Story,1996,2398,2,1,3,8,315750
9950,2Story,1995,2520,2,1,4,9,290000
12257,2Story,1995,2531,2,1,4,9,290000
12692,1Story,1992,3228,3,0,4,10,430000
11762,2Story,1992,2202,2,1,4,9,263000
9044,2Story,1996,2538,2,1,4,8,330000
11670,1Story,2006,1905,2,0,3,8,320000
15256,1Story,2007,1464,2,0,3,6,282922
10612,1Story,2006,1534,2,0,3,7,215000
13501,1Story,2006,1636,2,0,3,8,255000
10000,1Story,2006,1588,2,0,3,7,227000
8847,1Story,2005,1538,2,0,3,7,260000
8251,1Story,2005,1506,2,0,3,7,249000
10084,1Story,2004,1694,2,0,3,7,307000
9605,2Story,2006,1977,2,1,3,7,250000
8778,2Story,2006,1830,2,1,3,7,221300
9000,2Story,2006,1959,2,1,3,8,270000
11096,1Story,2006,1656,2,0,3,7,249700
11824,1Story,2006,1685,2,0,2,5,253000
10625,2Story,2004,2443,2,1,4,9,265000
11143,2Story,2004,2466,3,0,4,8,340000
7500,1Story,2006,1143,1,1,3,5,147000
12450,1Story,2003,1094,1,0,3,6,149000
7441,1Story,2006,1486,2,0,3,7,181000
8462,2Story,1994,1721,2,1,3,7,201000
11613,2Story,1993,1820,2,1,3,7,191750
8450,1Story,2000,1349,2,0,3,6,179000
16196,1Story,1998,1494,2,0,3,5,215000
6285,1Story,1977,894,1,0,2,5,120750
8480,1Story,1963,970,1,0,2,5,132500
7420,1Story,1962,1057,1,0,3,6,132000
7758,1Story,1962,999,1,0,3,6,132500
6970,1Story,1961,1120,1,1,3,5,129000
13673,1Story,1962,1696,1,1,3,8,143900
7476,1Story,1968,1040,1,1,3,5,145000
9945,1Story,1961,988,1,0,3,5,128500
6173,1Story,1967,902,1,0,3,6,125500
19522,2Story,1990,2503,2,1,3,7,3.00E+05
17542,2Story,1974,2167,2,1,3,9,294000
10751,1Story,1974,1037,1,0,2,5,129000
12712,1Story,1973,1055,1,0,2,5,147000
9572,2Story,1990,2810,2,1,4,9,302000
7399,2Story,1997,1950,2,1,3,7,239000
8010,2Story,2003,2048,2,1,3,8,301000
8413,2Story,1998,2362,2,1,3,8,312500
12000,1Story,1980,2362,2,1,3,8,255000
10768,1Story,1976,1437,2,0,3,6,218000
9600,1Story,1976,1262,2,0,3,6,181500
17778,1Story,1981,2497,2,0,2,7,373000
7050,2Story,2001,1929,2,1,3,7,226000
8000,2Story,1970,2411,2,1,4,8,240050
11700,1Story,1968,1295,1,1,3,6,164000
11358,1Story,1972,1610,2,0,3,8,185000
9547,1Story,1993,1594,2,0,2,6,188500
10530,2Story,1993,2075,2,1,3,8,255000
10738,1Story,1966,1093,2,0,3,6,158500
9600,1Story,1973,1242,1,1,3,6,175500
8050,1Story,1967,1107,1,0,3,5,127000
10355,1Story,1967,1214,2,0,3,5,143000
10289,1Story,1965,1073,1,1,3,6,156000
9503,1Story,1958,1344,1,0,2,6,144000
12342,1Story,1960,1422,1,0,3,6,139900
12772,1Story,1960,958,1,0,2,5,151500
7535,1Story,1958,912,1,0,2,5,120000
7450,1Story,1956,1074,1,0,2,6,124000
8339,1Story,1959,882,1,0,3,5,106500
8243,1Story,1961,964,1,0,3,5,137500
8680,1Story,1960,894,1,0,3,5,117600
8800,2Story,1964,2154,2,1,5,8,224500
11382,1Story,1964,1374,1,0,3,7,147000
22002,1Story,1959,1652,1,1,3,6,2.00E+05
14585,1Story,1960,1429,1,0,3,7,181900
7388,1Story,1959,1327,1,0,3,7,150750
8280,1Story,1950,932,1,0,2,4,124000
5000,1Story,1946,334,1,0,1,2,39300
5000,1Story,1946,666,1,0,2,4,64500
9500,2Story,1964,1977,1,1,4,9,165000
9600,1Story,1955,1150,1,0,2,6,144000
9480,2Story,1942,1644,1,1,3,7,146500
8760,1Story,1957,936,1,0,2,4,141000
6860,1Story,1956,1008,1,0,3,6,131000
8176,1Story,1958,1056,1,0,3,6,139000
9250,1Story,1954,1056,1,0,3,6,139400
11988,1Story,1957,1244,1,1,3,6,150000
9100,1Story,1960,1144,1,0,3,6,120000
9736,1Story,1957,1721,1,0,4,8,174850
9770,1Story,1957,922,1,0,2,5,116000
10152,1Story,1956,1048,1,0,3,6,135000
12155,1Story,1970,1657,2,0,3,7,163500
10050,1Story,1955,1216,1,0,3,5,129500
11556,1Story,1953,1154,1,1,3,6,142000
10950,1Story,1952,948,1,0,2,5,125000
7942,1Story,1953,1040,1,0,3,6,136000
8923,1Story,1953,1008,1,0,2,6,134500
8540,1Story,1956,925,1,0,3,5,127000
8400,1Story,1955,925,1,0,3,5,116900
13300,1Story,1956,928,1,0,2,4,132000
15783,1Story,1952,924,1,0,2,6,112500
21281,2Story,1935,3086,3,1,4,9,301600
10800,1Story,1927,968,2,0,4,5,64500
10800,2Story,1895,1534,1,1,3,6,148000
5400,1Story,1920,691,1,0,2,4,86000
8300,1Story,1968,952,1,0,3,5,128500
11606,2Story,1969,2080,1,2,5,9,135000
11664,1Story,1948,1082,1,0,2,5,119200
7200,1Story,1950,988,1,0,3,6,119000
7200,1Story,1950,1238,1,1,3,6,102000
7200,1Story,1950,864,1,0,3,5,129000
7000,1Story,1960,1134,1,0,2,6,135000
7500,1Story,1959,1040,1,0,3,6,152000
7315,1Story,1958,1170,1,0,3,6,140000
7903,1Story,1960,1242,1,1,3,6,152000
8000,1Story,1960,1377,1,0,3,6,156500
7000,1Story,1961,925,1,0,3,7,99000
9760,2Story,1964,1851,2,1,3,7,187000
7590,2Story,1962,1812,2,0,4,8,169500
6600,1Story,1962,864,1,0,2,5,125500
6978,1Story,1926,960,1,0,2,5,103000
9600,2Story,1910,1432,2,0,2,7,132000
4480,1Story,1922,1022,1,0,2,4,89500
3153,1Story,1920,967,1,0,2,5,99900
10800,1Story,1885,1047,1,0,2,6,1.00E+05
7200,1Story,1940,1072,1,0,2,5,130000
5925,1Story,1937,1131,1,0,2,7,89471
6000,1Story,1920,960,1,0,2,5,108500
9639,2Story,1900,1798,2,1,4,7,137000
3880,1Story,1945,866,1,0,2,4,110500
8520,1Story,1923,968,1,0,2,5,1.00E+05
10337,2Story,1910,1772,2,1,3,7,184900
9863,2Story,1927,1642,1,1,4,9,145000
4571,2Story,1910,1232,1,0,3,6,114000
9900,2Story,1880,2210,2,0,5,8,117500
3600,2Story,1930,1358,1,1,3,6,124500
5400,1Story,1926,1616,2,0,3,5,152000
10800,2Story,1890,2554,1,1,3,8,159500
8626,1Story,1956,968,1,0,2,5,104500
6854,1Story,1925,1060,1,0,1,6,136500
8731,1Story,1920,1167,1,0,3,6,144000
6000,2Story,1939,1232,1,1,3,6,128000
6120,2Story,1920,1513,1,1,4,8,137500
6180,1Story,1926,986,1,0,2,5,102000
7755,2Story,1918,2264,2,1,4,8,2.00E+05
13515,2Story,1919,1824,1,0,3,8,180500
8730,2Story,1915,1396,1,0,3,7,153575
5700,2Story,1929,1344,1,1,3,6,140000
6882,2Story,1914,1355,1,1,3,7,127000
9780,2Story,1950,1952,1,1,4,8,212300
4800,1Story,1916,1196,1,0,2,5,109900
12888,2Story,1937,2267,1,1,3,7,219000
14299,1Story,1964,1005,1,0,3,5,115400
7943,1Story,1961,1029,1,0,3,5,118500
11677,1Story,1966,1040,1,0,3,6,123000
7094,1Story,1966,894,1,0,3,5,125000
8978,1Story,1968,948,1,0,3,6,108000
8665,1Story,1968,897,1,0,3,5,115000
8398,1Story,1967,943,1,0,2,5,134500
7742,1Story,1966,955,1,0,3,6,127000
8724,1Story,1968,894,1,0,3,5,129000
8197,1Story,1977,1285,1,1,3,7,143500
8169,1Story,1966,912,1,0,3,6,129000
14175,1Story,1956,1375,1,0,3,6,187000
16779,2Story,1920,2654,3,0,4,11,158000
25339,1Story,1918,1416,2,0,3,7,112000
11375,1Story,1954,1299,1,0,3,6,150000
115149,1Story,1971,1824,2,0,2,5,302000
11075,1Story,1984,1522,2,0,3,7,182000
10029,2Story,1988,2060,2,1,4,8,211000
17541,1Story,1948,1325,2,0,3,6,216000
17808,1Story,1946,1242,1,0,2,4,109900
12671,1Story,1954,2422,3,0,4,6,255000
12615,1Story,1950,2158,2,0,4,7,243000
5400,1Story,1958,864,1,0,3,6,118000
11515,1Story,1958,943,1,0,3,5,80000
9098,1Story,1920,605,1,0,2,5,86000
9280,1Story,1951,1342,1,0,4,7,125000
9060,1Story,1957,1340,1,0,3,7,120000
10357,1Story,1990,1442,2,0,3,6,179900
13474,2Story,1990,2243,2,1,4,8,225000
10380,2Story,1986,2730,2,1,4,8,301000
13125,2Story,1991,2127,2,1,4,8,238000
11287,2Story,1989,1982,2,1,3,7,228500
8556,1Story,2006,1240,2,0,2,5,194000
11750,1Story,2005,1546,2,0,3,7,217000
8760,1Story,2006,1500,2,0,3,7,212999
7242,1Story,2005,1270,2,0,2,6,175900
9316,2Story,2005,1795,2,1,3,7,191000
9317,1Story,2006,1314,2,0,3,6,176432
14364,2Story,1988,2062,2,1,3,7,277000
8883,2Story,1988,1873,2,1,3,7,207000
53107,2Story,1992,1953,2,1,3,9,240000
12205,2Story,1966,2087,2,1,5,9,187500
20064,1Story,1976,1743,0,1,0,5,279000
14217,1Story,1994,1022,1,0,3,6,139500
8775,1Story,1994,990,1,0,3,5,126000
11249,1Story,1995,1200,2,0,3,6,177500
10021,2Story,1997,1308,2,1,3,6,175000
9531,2Story,1998,1796,2,1,3,7,211000
8428,1Story,1994,990,1,0,3,5,146000
16561,1Story,1996,1097,1,1,3,6,147900
8070,1Story,1994,990,1,0,3,5,123600
9337,2Story,1997,1786,2,1,3,7,204750
10820,2Story,1999,1873,2,1,3,7,235500
12352,2Story,1998,1753,2,1,3,7,217000
9543,2Story,2001,1690,2,1,3,7,190550
8826,2Story,2000,1842,2,1,3,7,217500
10665,1Story,2003,1479,2,0,3,7,226000
11317,2Story,2003,1668,2,1,3,8,180000
11800,1Story,1974,894,1,0,3,5,131000
8982,1Story,1977,1040,1,1,3,5,134900
16300,1Story,1977,907,1,0,3,5,130000
7700,1Story,1972,882,1,0,3,5,112500
10356,1Story,1975,969,1,1,3,5,122000
7200,1Story,1972,864,1,0,3,5,127000
7200,1Story,1972,875,1,0,3,5,117000
10386,1Story,2004,2000,2,0,3,8,305900
9375,2Story,2002,2169,2,1,3,7,228500
11354,1Story,2000,1673,2,0,3,7,270000
8749,1Story,2002,1459,2,0,3,6,192000
8749,2Story,2003,1932,2,1,3,7,213000
8158,2Story,2002,1729,2,1,3,7,2.00E+05
16226,2Story,1998,2452,2,1,4,9,267000
11927,1Story,1994,1592,2,0,3,7,228000
12728,2Story,2001,2439,2,1,4,7,275000
15295,2Story,1996,1992,2,1,3,7,211000
11248,1Story,2002,1668,2,0,3,7,285000
10000,2Story,1995,2090,2,1,3,8,240000
17227,1Story,1999,1341,1,1,1,5,246900
8200,2Story,2003,1928,2,1,4,8,219500
8450,1Story,2003,1337,2,0,3,6,185000
9245,2Story,2006,1797,2,1,3,8,213500
8500,1Story,2004,1422,2,0,3,7,179600
8769,1Story,2005,1190,2,0,2,5,173500
8333,2Story,2006,1491,2,1,3,7,168675
9045,2Story,2005,1536,2,1,3,6,167000
9170,1Story,1965,1214,1,0,2,6,140000
10921,1Story,1965,960,1,0,3,6,94750
8240,1Story,1960,1179,1,0,2,5,110000
7917,1Story,1976,1113,1,1,3,6,148000
7024,1Story,2005,1090,1,1,2,5,157000
7023,2Story,2005,1408,2,1,3,6,171500
6400,1Story,1959,960,1,0,2,4,131750
10215,1Story,1954,948,1,0,3,5,111000
4270,1Story,1931,774,1,0,3,6,79000
9450,1Story,1954,894,1,0,3,5,110000
11767,2Story,1910,1346,1,1,2,6,112000
8172,1Story,1955,768,1,0,2,4,125000
8190,1Story,1954,948,1,0,3,5,119000
10592,2Story,1923,1502,1,1,3,7,165000
7223,1Story,1926,1422,1,0,3,6,136500
4000,2Story,1930,1098,1,0,2,5,148500
7155,2Story,1926,1461,1,0,3,6,135000
4280,1Story,1913,694,1,0,2,4,90350
13108,1Story,1951,1226,1,1,2,7,153500
22420,2Story,1918,2624,2,1,4,10,239000
10570,2Story,1932,2727,2,1,3,10,315000
7259,2Story,1945,2320,2,1,3,9,259500
14442,1Story,1957,1839,2,0,3,7,257500
25485,1Story,1960,1560,1,1,3,6,201000
17871,1Story,1995,1680,2,0,4,7,170000
20693,1Story,1971,1696,2,0,3,7,198000
32668,1Story,1957,2515,3,0,4,9,200624
9060,2Story,1923,1828,2,0,3,6,150909
3672,1Story,1922,816,1,0,2,5,75200
8263,1Story,1920,1012,1,0,2,6,118400
8967,1Story,1920,1077,1,0,2,6,67000
6565,1Story,1957,1073,1,0,3,6,140000
6060,1Story,1930,1001,1,0,2,5,124900
9187,1Story,1983,1080,1,1,3,5,134000
10000,1Story,2002,1392,2,0,3,6,215000
12864,1Story,2002,1409,1,1,1,4,245000
9928,1Story,1991,1478,2,0,3,6,210000
16905,1Story,1959,1328,1,1,2,5,170000
19958,1Story,1958,2279,2,1,4,7,257000
9037,1Story,2006,1484,2,0,2,6,265900
10331,1Story,1985,1240,2,0,3,6,174000
9303,2Story,1996,1756,2,1,3,7,204000
6718,1Story,2001,1312,2,0,2,5,180500
11305,1Story,2002,1922,2,0,2,6,282000
7777,1Story,1996,1491,2,0,3,7,178000
14536,1Story,2002,1629,2,0,3,9,270000
11800,2Story,2003,2486,3,1,5,10,279900
12665,2Story,2005,2482,2,1,4,9,281213
25286,1Story,1963,1040,1,0,3,5,132250
33983,1Story,1977,1676,1,1,3,6,196000
8286,2Story,1977,1432,1,1,3,6,157000
7599,1Story,1982,845,1,0,2,4,129500
11000,1Story,1976,1178,1,1,3,6,135000
8314,1Story,1982,816,1,0,2,5,124500
11625,1Story,1983,816,1,0,2,4,139000
10447,1Story,1984,887,1,0,3,5,124500
11027,1Story,1954,1293,2,0,2,5,149900
10533,1Story,1956,1024,1,0,2,5,157500
11765,1Story,1957,1797,1,1,3,7,169000
39384,1Story,1957,1390,1,1,1,4,252000
11727,1Story,1969,1851,2,0,3,8,192100
8238,2Story,1997,1525,2,1,3,6,183500
13006,2Story,1997,2236,2,1,4,8,222000
13041,2Story,1995,1671,2,1,3,7,170000
13031,2Story,1995,1498,2,1,3,6,187500
9783,2Story,1996,1776,2,1,3,7,202000
11207,2Story,1997,1511,2,1,3,8,185000
13128,2Story,2005,2064,2,1,4,7,250000
10463,2Story,2005,1801,2,1,3,8,239900
13108,2Story,1994,2687,2,1,4,9,270000
8076,1Story,1993,1169,2,0,3,6,183500
7685,2Story,1993,1501,2,1,3,6,165600
9084,2Story,1998,1632,2,1,3,8,176500
6563,1Story,1985,1742,2,0,2,5,275000
14762,2Story,1948,2320,2,0,2,7,169000
18261,1Story,2005,2000,2,1,3,8,470000
14145,1Story,1984,1621,2,0,3,8,202500
16659,2Story,1977,2263,2,1,3,9,235000
18800,2Story,1976,1574,2,1,3,6,190000
10400,1Story,1988,1872,2,0,3,6,241500
10530,2Story,1978,1857,2,1,4,8,188900
10240,1Story,1980,1686,2,0,3,7,207500
11475,2Story,1975,1552,2,1,3,6,179900
10140,1Story,1975,1074,1,1,3,6,153500
10140,2Story,1976,1664,2,1,4,8,162900
10000,1Story,1974,1103,2,0,3,6,155000
15870,1Story,1969,1096,1,0,3,6,138800
8125,1Story,1971,858,1,0,3,5,88000
7200,1Story,1971,874,1,0,3,5,97500
7514,1Story,1967,1387,1,0,3,6,145000
16737,1Story,2004,1980,2,0,3,8,315000
16163,1Story,2004,1618,2,0,2,6,252000
14780,1Story,2005,1868,2,0,2,7,415000
16033,1Story,2004,1850,2,0,3,8,326000
13418,2Story,2004,2452,3,1,4,9,309000
10240,2Story,2005,2098,2,1,3,8,275500
12378,1Story,2003,1944,2,0,3,8,360000
14828,1Story,2004,1780,2,0,2,7,378000
11846,1Story,2003,1792,2,0,2,6,374000
10927,2Story,2005,1904,2,1,3,8,275000
13215,2Story,2004,1914,2,1,3,9,279000
21930,2Story,2005,1838,2,1,4,7,192140
7861,2Story,2002,1509,2,1,3,7,183200
9056,2Story,2004,1414,2,1,3,6,178000
9171,2Story,2004,1598,2,1,3,7,201490
11194,2Story,2000,1936,2,1,3,7,230500
7875,2Story,2003,1509,2,1,3,8,180000
8121,2Story,2000,1664,2,1,3,7,172400
8658,2Story,2000,1889,2,1,3,9,215000
11214,2Story,1998,1886,2,1,4,10,199900
10852,2Story,2000,1671,2,1,3,7,173000
8738,2Story,1999,2291,2,1,4,8,230000
9452,2Story,1997,2392,2,1,3,7,348000
9660,2Story,1998,1976,2,1,3,7,286000
9545,2Story,2000,2234,2,1,3,7,3.00E+05
35760,2Story,1995,3627,3,1,4,10,625000
9233,2Story,2000,2855,2,1,4,9,405000
12011,2Story,1998,1924,2,1,3,7,280000
12090,2Story,1998,2263,2,1,4,10,258000
10019,2Story,1995,2726,2,1,4,9,350000
17242,2Story,1993,3500,3,1,4,11,584500
10236,2Story,1994,2494,2,1,4,9,321000
10120,2Story,1994,2526,2,1,4,8,290000
12585,2Story,1993,2799,2,1,3,8,315000
8688,1Story,2005,1616,2,0,3,7,232000
8125,2Story,2005,1716,2,1,3,7,200825
7500,1Story,2005,1266,2,0,3,6,176000
7733,1Story,2005,1142,1,1,3,5,139500
13072,1Story,2005,1141,1,1,3,6,142500
7800,2Story,2005,1686,2,1,3,8,184000
7632,2Story,2005,1585,2,1,3,7,184900
8304,2Story,1997,1837,2,1,3,7,187000
7153,2Story,1992,1603,2,1,3,7,175900
9370,2Story,1992,1731,2,1,3,7,248500
9019,2Story,1994,1320,2,1,3,6,150000
8900,1Story,1966,1056,1,0,2,5,107000
7800,1Story,1965,965,1,0,3,6,119900
9100,1Story,1962,988,1,0,3,6,129500
9240,1Story,1962,1211,1,0,2,6,144000
9308,1Story,1965,984,1,0,3,5,126000
8638,1Story,1963,925,1,0,2,5,133500
13052,1Story,1965,1024,1,1,3,5,120875
13526,1Story,1965,935,1,0,3,5,137000
8020,1Story,1964,912,1,0,3,6,124000
6993,1Story,1961,1236,1,0,3,6,135000
8789,1Story,1967,941,1,0,3,6,129200
16059,2Story,1991,2417,2,1,4,9,260000
11025,2Story,1992,2826,2,1,3,9,334000
14541,2Story,1993,2520,2,1,5,10,310000
13346,2Story,1992,2295,2,1,4,9,268000
12461,1Story,1994,1624,2,0,2,5,262000
8314,2Story,1997,1694,2,1,3,6,2.00E+05
7180,1Story,2001,1568,2,0,3,6,221000
11250,1Story,1977,1208,1,1,3,6,165000
50271,1Story,1981,1842,0,1,0,5,385000
20781,1Story,1968,2156,2,0,3,9,262500
11700,2Story,1968,1416,2,1,3,7,179900
11029,2Story,1968,2654,2,1,4,9,250000
10400,2Story,1972,1790,1,2,4,8,165150
10140,1Story,1967,1334,2,0,3,7,164500
9600,1Story,1968,1051,1,0,3,6,142000
8640,2Story,1968,1770,1,1,4,7,155000
9360,1Story,1968,976,1,0,2,4,157500
8400,1Story,1968,1052,1,1,3,5,138500
9759,1Story,1966,1051,1,0,3,6,124400
9230,1Story,1965,1200,1,1,1,6,146000
14803,2Story,1971,1993,2,1,4,8,190000
9100,1Story,1958,864,1,0,3,5,129900
8800,1Story,1964,1251,1,0,3,6,160000
10368,1Story,1964,1488,1,1,3,7,167000
9350,2Story,1964,1440,1,1,4,7,157500
10800,1Story,1960,1248,1,0,3,6,151500
8550,1Story,1934,816,1,0,2,4,129800
11425,1Story,1954,1008,1,0,2,4,137000
9724,1Story,1947,1043,1,0,2,5,137000
5900,1Story,1923,869,1,0,2,4,85500
5825,1Story,1926,747,1,0,1,5,79900
9600,1Story,1961,1433,1,0,3,7,161000
10858,1Story,1952,1624,1,0,2,6,146500
9600,1Story,1951,1216,1,0,3,7,135000
10680,1Story,1951,2136,2,0,4,7,137900
9462,2Story,1949,1728,1,1,3,7,137000
9888,1Story,1954,936,1,0,2,5,121000
8500,1Story,1961,1235,1,0,2,6,98600
14200,2Story,1966,2157,2,1,4,8,226000
9000,1Story,1954,1128,1,0,2,5,118000
9723,1Story,1963,1008,1,0,2,5,135000
8400,1Story,1957,1364,1,1,3,6,132000
11600,1Story,1960,1383,1,1,3,7,145250
9610,1Story,1958,1336,1,1,3,7,162000
14850,1Story,1957,1092,1,0,2,6,141000
10152,1Story,1956,1124,1,0,3,6,153000
10011,1Story,1957,1236,1,0,2,6,134450
8092,1Story,1954,1050,1,0,3,6,156000
11310,1Story,1954,1375,1,0,2,5,140000
12778,1Story,1952,1008,1,0,2,4,139500
10170,1Story,1951,1575,1,1,2,5,155000
11050,1Story,1956,1005,1,0,2,6,133500
13600,1Story,1955,1056,1,1,3,6,125000
15428,1Story,1951,884,1,0,2,4,142000
13300,1Story,1956,1384,1,0,2,6,159000
10410,1Story,1930,713,1,0,2,5,99800
5400,1Story,1954,833,1,0,2,4,117000
5400,1Story,1921,1073,1,0,2,4,108480
10914,1Story,1929,715,1,0,2,4,68000
10800,1Story,1920,1130,1,0,2,5,120000
7200,2Story,1915,1595,2,0,3,7,155500
8658,1Story,1965,1324,2,0,3,6,160000
9510,1Story,1962,1207,1,1,3,6,147000
7800,1Story,1964,912,1,0,2,5,115000
8910,1Story,1959,1194,1,0,3,6,159500
7332,1Story,1959,864,1,0,2,4,120000
7100,1Story,1957,816,1,0,2,5,129900
10800,1Story,1961,1773,2,0,3,6,183000
11650,1Story,1959,1472,2,0,2,5,157500
18275,2Story,1962,2448,3,0,3,9,277500
16321,1Story,1957,1600,1,0,2,6,207500
7200,1Story,1950,1040,1,0,2,5,109500
7200,1Story,1950,1040,1,0,2,4,109900
7560,1Story,1959,1040,1,0,3,6,133700
7945,1Story,1959,1150,1,0,3,6,141000
7000,1Story,1961,1150,1,0,3,6,146000
7590,2Story,1966,1348,1,1,3,6,155000
7400,1Story,1962,1045,1,0,3,6,120000
7000,1Story,1962,864,1,0,3,5,105000
9856,2Story,1900,2014,2,0,5,8,169000
9906,2Story,1925,1328,1,0,3,8,107000
9600,2Story,1925,1641,1,1,3,6,178000
6451,2Story,1900,1428,1,0,4,7,139900
3960,2Story,1930,1004,1,0,2,5,105000
5684,1Story,1930,813,1,0,2,5,110000
5633,1Story,1925,844,1,0,2,5,111500
9000,2Story,1880,1750,1,0,3,8,124000
7614,2Story,1905,1376,1,0,2,7,96900
7830,1Story,1921,492,1,0,1,3,61500
5820,1Story,1955,1163,1,0,3,6,126175
5747,1Story,1920,840,1,0,2,5,64000
3600,2Story,1910,1368,1,0,3,7,114504
7200,2Story,1920,1762,1,1,4,8,157000
11340,1Story,1923,1200,1,0,4,7,125000
9750,1Story,1958,960,1,0,3,5,125000
7446,1Story,1941,788,1,0,2,4,1.00E+05
11737,2Story,1924,1827,1,0,2,9,202500
6120,1Story,1925,1015,1,0,3,6,88000
6000,1Story,1925,1103,1,0,2,5,110500
6000,1Story,1921,616,1,0,2,4,89000
11672,1Story,1925,816,1,0,2,4,109000
4118,1Story,1941,693,1,0,2,4,52500
7518,2Story,1910,1330,1,0,3,7,116500
9000,1Story,1919,819,1,0,2,4,72000
9786,1Story,1922,1077,1,0,3,6,91000
21370,1Story,1950,1640,1,0,3,7,131000
8250,1Story,1935,1032,1,0,2,6,125000
5220,1Story,1936,879,1,0,2,4,80000
5500,1Story,2004,1073,2,0,2,4,157000
11235,1Story,1963,1382,1,1,3,6,148000
8414,1Story,1963,1068,1,0,3,6,154500
11327,1Story,1967,1064,1,0,3,6,153600
9000,1Story,1966,1059,1,0,3,6,142500
11553,1Story,1968,1159,1,1,3,7,158000
7844,2Story,1978,1400,1,1,3,6,149500
9535,1Story,1967,1458,1,1,3,7,165000
10335,1Story,1968,1721,2,1,3,7,180000
13125,1Story,1957,1803,2,0,3,8,155000
17920,1Story,1955,1779,1,1,3,6,170000
17529,1Story,1924,872,1,0,2,5,105000
14175,1Story,1956,1437,1,1,3,6,168000
20355,1Story,1967,1830,1,0,2,6,278000
13050,1Story,1963,1000,1,0,1,4,164000
13350,1Story,1974,894,1,0,3,5,142500
5271,1Story,1986,1453,1,1,2,6,190000
9375,1Story,1954,1350,1,1,3,6,146000
7800,2Story,1948,2008,3,0,3,8,225000
12048,1Story,1952,1488,1,0,3,7,135000
10519,1Story,1955,1057,1,0,3,6,137000
6420,1Story,1952,1148,1,0,2,6,123500
8335,1Story,1954,1124,1,0,3,5,93000
11200,1Story,1985,1298,2,0,3,5,180000
12128,2Story,1989,2559,2,1,4,9,209000
9554,2Story,1993,1911,2,1,3,8,215000
7488,1Story,2005,1208,2,0,2,6,183600
11645,1Story,2005,1734,2,0,3,7,260000
9316,1Story,2005,1614,2,0,3,7,225000
9316,2Story,2005,1596,2,1,3,6,181000
10041,2Story,1992,1915,2,1,3,8,220000
36500,1Story,1964,1582,2,0,4,7,190000
70761,1Story,1975,1533,2,0,2,5,280000
13015,1Story,1996,1100,1,1,3,5,145000
12438,2Story,1995,1499,2,1,3,6,187000
8685,1Story,1998,1425,2,0,3,5,193000
13568,1Story,1995,990,1,0,3,5,156000
9100,1Story,2000,1525,2,0,3,6,235000
9236,1Story,1997,1494,2,0,3,6,217000
10264,1Story,1999,1588,2,0,3,6,214000
9272,2Story,1999,1749,2,1,3,7,196000
13426,2Story,1999,1779,2,1,3,7,217000
13450,2Story,2002,1861,2,1,3,8,2.00E+05
14006,2Story,2002,1776,2,1,3,7,192500
13704,1Story,2001,1541,2,0,3,6,205000
8340,2Story,1977,1388,1,1,3,6,157500
9920,1Story,1969,971,1,1,3,5,128500
9560,1Story,1972,864,1,0,3,5,128500
9800,1Story,1972,894,1,0,3,5,149900
7200,1Story,1972,864,1,0,3,5,119900
11367,2Story,2002,1989,2,1,3,7,255000
9930,2Story,2002,1762,2,1,3,6,222000
9468,2Story,1999,1755,2,1,3,7,214000
11088,1Story,2002,1358,1,1,1,5,220000
14781,1Story,2001,1787,2,0,3,7,275000
8726,2Story,2002,1909,2,1,4,8,197000
8125,1Story,2002,1654,2,0,3,6,230000
10566,2Story,1999,2214,2,1,3,8,268500
21533,2Story,1996,2049,2,1,4,9,210900
11250,2Story,1998,1939,2,1,3,8,227000
11250,2Story,1995,1995,2,1,4,8,237000
9750,2Story,1998,2097,2,1,3,8,274300
9100,1Story,2004,1836,2,0,3,8,216837
8810,1Story,2003,1390,2,0,3,7,207000
12393,2Story,2004,1948,2,1,4,8,195000
9135,1Story,2003,1700,2,0,3,7,2.00E+05
8400,2Story,2005,1611,2,1,3,6,195800
11645,2Story,2004,1720,2,1,3,7,196500
8777,2Story,1910,1436,2,0,3,6,98000
17755,1Story,1959,1466,1,1,3,6,149900
16133,1Story,1969,1176,1,0,2,5,119900
7162,2Story,2003,1724,2,1,3,8,196500
8050,1Story,2002,914,1,0,2,4,117250
8172,1Story,1955,864,1,0,2,5,115000
7000,2Story,1926,1479,1,0,3,6,160000
13132,2Story,1914,1784,1,1,4,9,138887
4899,2Story,1920,1510,1,0,3,6,149000
7588,2Story,1920,1802,1,1,4,9,200100
9550,2Story,1915,1717,1,0,3,7,140000
21780,2Story,1920,1550,1,1,3,7,195000
11435,2Story,1929,1517,1,0,3,7,230000
11600,1Story,1922,1180,1,0,2,5,137500
16560,2Story,1932,2345,2,1,4,9,239000
14210,2Story,1930,1801,1,1,3,8,210000
14115,1Story,1956,1811,1,0,2,6,230000
12984,1Story,1977,1647,2,0,3,7,217500
15600,2Story,1950,2315,2,0,4,9,257000
16381,1Story,1969,1844,2,0,3,7,223000
7288,1Story,1942,976,1,0,2,5,102000
8534,1Story,1925,672,1,0,2,4,72000
7030,1Story,1925,641,1,0,2,4,85000
8765,1Story,1936,951,1,0,2,6,106500
12366,1Story,1945,729,1,0,2,5,51689
9000,1Story,1949,480,0,0,1,4,35311
23580,1Story,1979,1625,2,0,3,6,242500
9116,1Story,2001,1491,2,0,3,7,209000
26178,2Story,1989,2519,2,1,4,9,335000
50102,1Story,1958,1650,1,0,2,6,250764
16669,1Story,1981,1707,2,1,2,6,228000
13811,1Story,1987,1137,2,0,2,5,176000
8049,1Story,1990,1339,2,0,2,6,180000
11170,2Story,1990,2514,2,1,4,8,250000
8098,1Story,2000,1403,2,0,2,5,202000
14331,1Story,2002,1800,2,0,3,7,312500
31250,1Story,1951,1600,1,1,3,6,81500
17217,1Story,2006,1140,1,0,3,6,84500
10172,1Story,1968,874,1,0,3,5,126500
13384,1Story,1969,1360,1,0,3,8,140000
17400,1Story,1977,1126,2,0,3,5,160000
20000,1Story,1960,1224,1,0,4,7,131000
8885,1Story,1983,902,1,0,2,5,131000
10010,1Story,1974,1389,1,0,2,6,170000
9627,2Story,1993,2000,2,1,3,9,188000